weight,size
3.502132028215444,22.271558625521788
5.321946960652949,26.007667156906884
1.0006862489040693,7.2322030186841
2.8139954357910386,22.49008866360326
1.8805353449026783,12.433265824786103
1.5540315686127868,14.148106630953162
2.1175612682660256,16.1953757720026
3.0733643622582862,21.64021409005809
3.3806048453840196,20.219880964777687
4.232900404020142,22.60016714435681
